gender,married,dependents,education,self_employed,coapplicant_income,loan_amount,loan_amount_term,credit_history,loan_status,total_income,loan_income_ratio,property_area_Semiurban,property_area_Urban
1,0,0,1,0,-0.5544873301529852,-0.21124124943736647,0.2732312961117544,1,1,-0.18218375972648307,-0.22904466366413304,0,1
1,1,1,1,0,-0.03873154846446157,-0.21124124943736647,0.2732312961117544,1,0,-0.144684160081343,-0.32898308857742026,0,0
1,1,0,1,1,-0.5544873301529852,-0.9489964681145835,0.2732312961117544,1,1,-0.6236563191851775,-0.21572094486611038,0,1
1,1,0,0,0,0.2519796016915365,-0.3064354712021687,0.2732312961117544,1,1,-0.32288473690742187,0.04710249928471497,0,1
1,0,0,1,0,-0.5544873301529852,-0.05655063906956289,0.2732312961117544,1,1,-0.15878524920410228,-0.04330848634921856,0,1
1,1,2,1,1,0.8805997122641535,1.4427583537260718,0.2732312961117544,1,1,0.40107447607643937,0.44805416676097287,0,1
1,1,0,0,0,-0.03599544352181688,-0.6039174142171756,0.2732312961117544,1,1,-0.49209780638053324,0.09252213070526846,0,1
1,1,3,1,0,0.30191351689480206,0.1457370821806418,0.2732312961117544,0,0,-0.23006547993453383,0.5336819434166967,1,0
1,1,2,1,0,-0.03257531234351103,0.26472985938664456,0.2732312961117544,1,1,-0.23130513612115003,0.7461984549287819,0,1
1,1,1,1,0,3.196712546212882,2.4184991268152944,0.2732312961117544,1,0,2.6008443792268876,-1.0595853917513394,1,0
1,1,2,1,0,-0.31507814767157505,-0.9013993572321825,0.2732312961117544,1,1,-0.484194998190855,-0.6813819439373733,0,1
1,1,2,1,0,0.07481680665529297,-0.4373275261287717,0.2732312961117544,1,1,-0.4160139079269639,0.14234609647772622,0,1
1,1,2,1,0,2.2178710029817448,0.6455067464458534,0.2732312961117544,1,1,0.6437371746065607,-0.6880520131995311,0,1
1,0,0,1,0,0.41682992448587897,-0.3778311375257703,0.2732312961117544,1,0,-0.3613140786925241,0.04766758825281201,0,0
1,1,2,1,0,-0.18306108418896885,-1.532061076423997,-3.4548579441686273,1,1,-0.718954888531298,-1.9251464944381989,0,1
1,0,0,1,0,-0.5544873301529852,-0.2469390825991673,0.2732312961117544,1,1,-0.3214901236974786,0.15812963858465817,0,1
1,0,1,0,0,-0.5544873301529852,-0.5444210256141742,-1.5908133240284363,1,1,-0.5313019332822706,0.45193783034724383,0,1
0,0,0,1,0,-0.5544873301529852,-0.8300036909085807,0.2732312961117544,0,0,-0.5446282372883947,-0.25567216982159124,0,1
1,1,0,0,0,-0.5544873301529852,-0.1517448608343651,0.2732312961117544,1,0,-0.3312524161670812,0.38370664094133805,0,0
1,1,0,1,0,0.6425585822540657,-0.36593185980517007,0.2732312961117544,1,1,-0.14328954687139978,-0.5775044643769647,0,1
1,1,0,0,0,-0.5544873301529852,-0.49682391473177306,0.2732312961117544,0,0,0.09844340951875936,-1.1838716692795002,0,1
1,1,1,1,0,1.3693364576440608,2.013923684314885,0.2732312961117544,1,1,0.7058749409606977,0.3822137990059423,0,1
1,1,0,0,0,0.09909973802126458,-0.3540325820845698,0.2732312961117544,0,0,-0.38951625693804265,0.2112779437507627,1,0
1,1,2,0,0,0.10115181672824809,-0.4016296929669709,0.2732312961117544,0,0,-0.2700443919529063,-0.30720421832376654,0,0
1,1,1,1,0,0.44590103950147875,0.06244213813643986,0.2732312961117544,1,0,-0.05930284022815217,-0.1313404221592586,1,0
1,1,0,1,1,-0.5544873301529852,0.5384132469604509,0.2732312961117544,1,1,0.392861753840107,-0.44800885968803106,1,0
1,1,0,1,0,0.216068224319325,-0.2826369157609681,0.2732312961117544,1,1,-0.3056845073181221,0.031271619089996185,1,0
1,1,2,0,0,-0.19879368760917582,-0.4254282484081714,0.2732312961117544,1,1,-0.2725237043261387,-0.3434532789895247,0,1
1,0,0,0,0,-0.5544873301529852,-1.317874077453192,0.2732312961117544,1,0,-0.8650793615286826,0.04540860395558972,0,1
0,0,2,1,0,0.15792599428812537,-0.3064354712021687,0.2732312961117544,1,1,-0.18466307209971547,-0.37978816351993483,1,0
1,1,1,1,0,0.5977548638182589,0.6574060241664537,0.2732312961117544,1,0,0.07907378160288123,0.3216903281752606,0,1
1,0,0,1,0,-0.5544873301529852,-0.8538022463497813,0.2732312961117544,1,0,-0.5977784962895644,-0.05871509378852393,0,1
1,0,1,1,1,-0.5544873301529852,-0.4730253592905725,0.2732312961117544,1,0,-0.3614690357158511,-0.14771625818766573,0,0
1,1,0,1,0,0.015648537270601597,-0.3778311375257703,0.2732312961117544,1,1,-0.28786444963551416,-0.2084689660935787,1,0
1,0,3,1,0,0.4715520233387727,2.0734200729178864,0.2732312961117544,1,0,1.313306472402636,-0.37144832675233497,0,0
1,1,0,1,0,0.152453784402836,-0.21124124943736647,0.2732312961117544,1,1,-0.4157039938803099,0.643985335311162,0,1
1,1,0,1,0,-0.09960988343830587,-0.5444210256141742,0.2732312961117544,0,0,-0.5991731094995075,0.8952602423345657,0,1
0,1,0,1,0,-0.055490191238160284,-0.020852805907762065,0.2732312961117544,1,1,-0.2942176875919222,0.48451266868122933,1,0
1,0,0,1,0,1.9114272494055395,0.45511830291624894,0.2732312961117544,1,1,0.6742637082019846,-0.8853246984310095,0,1
1,0,0,0,0,0.015990550388432185,-0.4254282484081714,0.2732312961117544,1,1,-0.24928015082708493,-0.40995024328395746,1,0
1,0,0,1,0,-0.5544873301529852,-0.7824065800261797,0.2732312961117544,1,0,-0.5306821051889625,-0.19017835841916322,0,1
1,0,0,1,0,-0.13962541822448443,-1.1750827448059888,0.2732312961117544,1,1,-0.6216418778819263,-0.9514542505319521,0,1
1,1,0,1,0,-0.5544873301529852,-0.841902968629181,0.2732312961117544,1,1,-0.7166305331813926,0.847489215988055,0,1
1,1,0,1,0,0.24445531309926363,-0.13984558311376483,0.2732312961117544,1,1,-0.11586215374251632,-0.2906884564340731,1,0
1,1,0,0,1,-0.5544873301529852,-0.5920181364965753,0.2732312961117544,1,1,-0.36100416464587004,-0.3941926271647456,0,1
0,0,0,1,0,-0.5544873301529852,-0.6872123582613775,0.2732312961117544,1,1,-0.5601239396210973,0.22179884233804495,0,1
1,1,1,1,0,-0.5544873301529852,-1.2107805779677896,0.2732312961117544,1,1,-0.21317516439188808,-1.8491578180376484,0,1
1,1,0,1,0,-0.5544873301529852,-0.020852805907762065,0.2732312961117544,1,1,-0.18652255637963977,0.09899127684175418,0,1
0,1,0,1,0,0.6220377951842305,-0.3064354712021687,0.2732312961117544,0,0,-0.14561390222130513,-0.4777161023165937,0,1
0,0,0,1,0,0.22359251291159787,-0.020852805907762065,0.2732312961117544,1,1,-0.11617206778917037,-0.10673245847296214,1,0
0,1,0,0,0,0.00778223556049812,-0.5444210256141742,0.2732312961117544,1,1,-0.5350209018421191,0.4734140330356727,1,0
0,0,0,1,0,-0.5544873301529852,-0.3064354712021687,0.2732312961117544,1,1,-0.6103300151790534,1.7251017789183332,1,0
0,0,0,1,0,-0.5544873301529852,-0.4016296929669709,0.2732312961117544,1,0,-0.4330591804929367,0.2989349990755648,1,0
1,1,2,1,0,-0.5544873301529852,-0.13984558311376483,0.2732312961117544,1,0,-0.37324576948870497,0.5922570236428588,0,1
0,1,1,1,1,-0.5544873301529852,1.6688446304174769,0.2732312961117544,0,0,0.6934783790945357,0.11411158447055228,0,1
1,1,2,1,0,-0.1553580216446914,-0.580118858775975,0.2732312961117544,1,1,-0.4880689237740306,0.1328117669744881,1,0
1,1,0,1,0,-0.010344459684522937,-0.5920181364965753,0.2732312961117544,1,1,-0.5116223913197384,0.21940864423534387,1,0
1,1,0,1,0,0.19794152907430393,-0.12794630539316454,0.2732312961117544,1,0,-0.22603659732803116,0.04340368436732585,0,0
1,1,1,1,0,0.21504218496583322,0.40752119203384785,0.2732312961117544,1,1,0.5121786618019164,-0.7415817250860713,0,1
1,1,2,0,0,0.4233281737246601,-0.020852805907762065,0.2732312961117544,1,1,-0.12531453216546487,-0.08169633103830784,0,1
1,1,0,1,0,0.743794465131919,-0.3064354712021687,0.2732312961117544,1,1,-0.11291797029930285,-0.5536814946400088,0,1
1,1,3,1,0,-0.5544873301529852,-0.5563203033347744,0.2732312961117544,1,1,-0.6191625655086939,1.0123217496477335,0,1
1,1,0,0,1,0.6251159132447058,0.2290320262248437,-2.5228356340985316,0,0,-0.1497977418511348,0.38619529085413534,0,0
1,1,1,1,0,-0.5544873301529852,-0.21124124943736647,0.2732312961117544,0,0,-0.32226490881411374,0.2307965243768273,0,0
0,0,0,1,0,-0.5544873301529852,-0.3540325820845698,0.2732312961117544,0,0,-0.4429764299858663,0.45605030492894144,1,0
1,1,0,1,0,1.0170629462785572,1.3356648542406693,0.2732312961117544,1,0,0.5107840485919731,0.12882555525310277,1,0
1,0,0,0,0,0.21641023743715557,-0.23503980487856702,-2.5228356340985316,0,0,-0.24339178394065797,-0.08901960021343314,0,1
1,1,1,1,0,-0.5544873301529852,1.9782258511530841,0.2732312961117544,1,1,0.5772606115992669,0.5915435895850725,0,1
1,1,3,0,1,-0.5544873301529852,-0.2469390825991673,-4.386880254238722,1,1,0.01166747645562532,-0.720816597986018,0,1
0,0,0,1,0,-0.5544873301529852,-0.11604702767256427,0.2732312961117544,0,0,-0.4222121888600449,0.8909264632888219,1,0
1,1,0,1,0,0.4941248891155914,0.31232697026904566,0.2732312961117544,1,1,-0.1163270248124974,0.40665670264593357,0,1
1,1,2,0,1,0.08678726577936348,-0.580118858775975,0.2732312961117544,1,1,-0.5074385516899087,0.228720059310766,1,0
1,0,0,1,0,-0.5544873301529852,-0.7705073023055794,-0.6587910139583409,1,1,-0.546177807521665,-0.08435907171038333,1,0
1,1,3,0,0,-0.5544873301529852,-0.6039174142171756,0.2732312961117544,0,0,-0.3517067432462485,-0.44802150236310684,1,0
1,1,3,1,1,0.052243940878474296,0.49081613607804975,0.2732312961117544,1,1,0.002370055056003815,0.3087002831227685,1,0
1,0,0,1,0,-0.5544873301529852,-0.3897304152463706,2.1372759162519452,1,0,-0.5074385516899087,0.719137719092147,0,1
1,0,0,1,0,1.0700749795422981,0.35992408115144675,0.2732312961117544,1,0,0.22860730911346044,-0.3644689482924479,0,1
1,1,1,1,1,0.4790763119310456,-0.4254282484081714,0.2732312961117544,1,0,-0.4652902413449579,0.39916824085400254,0,1
1,1,3,1,0,0.8135651411693586,0.40752119203384785,-0.6587910139583409,0,0,0.022049597018536,0.14233501056369532,1,0
1,1,3,0,1,0.18631308306806402,-0.18744269399616592,0.2732312961117544,1,1,-0.23641871789094185,-0.02714057258758734,1,0
0,0,0,1,0,-0.5544873301529852,-0.41352897068757116,0.2732312961117544,1,1,-0.4925626774505143,0.5729113926869731,1,0
1,1,1,1,1,-0.5544873301529852,-0.21124124943736647,0.2732312961117544,1,1,-0.7174053182980277,3.398581699784443,1,0
0,1,2,1,0,0.088839344486347,0.2528305816660443,0.2732312961117544,1,0,-0.583522450143478,3.1454843576963953,0,1
1,1,0,1,0,0.21504218496583322,1.4189597982848712,0.2732312961117544,1,0,0.18986805328170417,0.9476277651266536,1,0
1,1,1,1,0,-0.5544873301529852,-1.1393849116441879,-1.5908133240284363,1,1,-0.4705587801380767,-1.3033432341662479,0,1
1,0,0,1,0,0.3111478710762279,-0.11604702767256427,0.2732312961117544,1,1,-0.32970284593381094,0.447734306980389,1,0
1,1,2,0,0,0.12953890550818672,-0.5563203033347744,0.2732312961117544,1,1,-0.262141583763228,-0.6106994703715238,1,0
1,1,0,1,0,0.16989645341219586,-0.49682391473177306,0.2732312961117544,1,1,-0.37293585544205093,-0.1558855831980564,1,0
1,0,0,1,0,-0.5544873301529852,0.7644995236518561,0.2732312961117544,1,1,0.2388344726530441,0.07341779403356906,0,1
1,1,0,1,0,0.8706813318470665,0.34802480343084646,0.2732312961117544,1,1,0.4396587748848686,-0.7048114883125268,1,0
1,1,0,1,0,0.43735071155571414,-0.17554341627556563,0.2732312961117544,1,1,-0.18078914651653985,-0.17404528060187002,1,0
1,1,2,1,0,1.3792548380611478,0.50271541379865,-2.5228356340985316,1,1,0.7560810165186539,-0.9291624622774056,1,0
1,1,2,0,0,0.06797654429868126,-0.7705073023055794,0.2732312961117544,1,1,-0.299331269361714,-0.9163842326618322,0,1
1,0,0,1,0,-0.5544873301529852,-0.2826369157609681,0.2732312961117544,1,1,-0.4480900117556581,0.6484688665628585,1,0
1,0,0,0,0,-0.5544873301529852,-1.4368668546591947,-3.4548579441686273,1,1,-0.5275829647224219,-1.9506411535885706,1,0
1,0,0,1,0,-0.5544873301529852,-0.21124124943736647,0.2732312961117544,1,0,-0.03760885696236866,-0.5750872842342583,0,1
0,1,0,1,0,0.2328268670930237,-0.10414774995196399,0.2732312961117544,1,1,-0.3469030755231107,0.545785425750076,1,0
1,1,0,1,0,-0.213500251675891,-1.1393849116441879,0.2732312961117544,1,1,-0.6276852017916802,-0.8119951905506215,1,0
1,1,0,0,0,-0.5544873301529852,-0.36593185980517007,-2.5228356340985316,1,1,-0.4395673754726717,0.41179233936346804,1,0
1,1,0,1,0,0.6565811200851197,-0.17554341627556563,0.2732312961117544,1,1,-0.2672551655330198,0.0965733196173161,1,0
1,1,2,0,0,0.5615014733282169,-0.1517448608343651,-2.5228356340985316,1,1,0.08155309397611364,-0.7199054194166321,0,1
1,0,0,1,0,0.7472145963102249,0.06244213813643986,0.2732312961117544,1,1,0.2516959055891872,-0.7377093478126141,1,0
1,1,0,1,0,-0.5544873301529852,-0.21124124943736647,0.2732312961117544,1,1,1.0266359792476396,-1.6665959926053255,0,1
1,1,0,1,0,0.6709456710340044,-0.21124124943736647,0.2732312961117544,1,1,0.1875436979317988,-0.9578517215787699,1,0
1,1,0,1,0,-0.2966094393087234,0.16953563762184234,0.2732312961117544,1,1,-0.38037379256174814,1.279777929446709,0,1
1,1,1,1,0,-0.20221381878748168,-0.5444210256141742,0.2732312961117544,1,1,-0.4559928199453364,0.07137972915613829,0,1
1,1,2,1,0,-0.16938055947574543,0.9429886894608602,0.2732312961117544,1,1,0.8550985544246229,-0.682580288011108,0,1
1,0,0,0,0,-0.5544873301529852,-0.3064354712021687,0.2732312961117544,1,0,0.04777246289082217,-0.8634883216258779,0,0
1,1,2,1,0,0.6767598940371243,0.8358951899754578,0.2732312961117544,0,0,0.058154583453732846,0.6106162437013345,0,1
1,1,3,0,0,-0.2966094393087234,-0.6158166919377758,2.1372759162519452,1,1,-0.6507737982674069,1.0801697462873996,1,0
1,0,0,1,0,-0.5544873301529852,-0.11604702767256427,0.2732312961117544,1,1,-0.2647758531597874,0.1961316397626524,0,1
0,1,0,1,0,0.24342927374577186,-0.08034919451076344,0.2732312961117544,1,1,-0.2731435324194468,0.2918396640403252,1,0
1,1,0,0,0,0.8525546366020454,0.07434141585704014,0.2732312961117544,0,0,0.10247229212526202,-0.47132626544644785,0,0
0,0,1,1,1,-0.5544873301529852,-0.21124124943736647,0.2732312961117544,1,1,0.06605739164341112,-0.769865832339271,1,0
1,0,0,1,0,-0.5544873301529852,-0.3302340266433692,0.2732312961117544,1,1,-0.3059944213647761,-0.05867197275171387,1,0
1,1,1,1,0,-0.5544873301529852,0.4670175806368492,-2.5228356340985316,1,1,1.1712108820117542,-1.2862868819396582,0,0
0,1,0,1,0,0.22632861785424258,0.09813997129824069,0.2732312961117544,1,1,-0.24401161203396607,0.5034551817915053,1,0
1,1,1,1,0,-0.07635299142582604,-0.7229101914231782,0.2732312961117544,1,1,-0.5288226209090382,-0.03955347156424391,0,1
1,1,0,1,0,0.17810476824012994,0.34802480343084646,0.2732312961117544,1,0,0.10619126068511063,-0.13551523567277896,0,0
0,0,0,1,0,-0.5544873301529852,1.3475641319612697,0.2732312961117544,1,1,0.5242653096214243,0.11585166943770436,0,1
1,1,0,1,0,0.3576616551011876,0.40752119203384785,0.2732312961117544,1,1,0.20288444324117427,-0.2618962037345652,0,0
0,0,0,1,0,-0.5544873301529852,-1.2107805779677896,0.2732312961117544,1,1,-0.4429764299858663,-1.5304590586838285,1,0
0,0,0,1,0,2.5167904679656767,-0.10414774995196399,0.2732312961117544,0,1,0.6341298391602851,-1.3279573283326391,1,0
1,1,2,1,0,-0.5544873301529852,-0.7705073023055794,0.2732312961117544,1,1,-0.6303194711882396,0.4041165173163618,1,0
1,1,0,0,0,0.13432708915781494,0.5741110801222516,0.2732312961117544,1,1,-0.1101287438794164,0.7871876354963221,0,0
0,0,0,1,0,-0.5544873301529852,-0.6277159696583761,0.2732312961117544,1,1,-0.5164260590428762,0.15089680729981886,0,0
1,1,3,1,0,-0.5544873301529852,2.6683839589479,0.2732312961117544,1,1,2.5999146370869255,-0.9577543818406281,0,0
1,0,0,1,0,0.006414183089175776,-0.21124124943736647,0.2732312961117544,1,1,-0.23548897575097968,-0.07186120049052641,0,0
1,1,1,1,1,0.7622631734947707,0.16953563762184234,-2.5228356340985316,0,0,1.1371203368798086,-1.4640177145389206,0,1
1,1,0,1,0,0.32414436955379017,0.43131974747504837,0.2732312961117544,1,0,0.2516959055891872,-0.32573214705540593,0,0
1,0,0,1,1,-0.5544873301529852,6.000181720715977,2.1372759162519452,1,1,2.0363359432465353,0.9604159849511912,0,1
1,0,0,1,0,0.10525597414221513,-0.8538022463497813,0.2732312961117544,1,1,-0.4775318461877929,-0.5872771535492283,0,1
1,0,0,1,0,-0.5544873301529852,-0.9013993572321825,0.2732312961117544,1,1,-0.6673541997633986,0.21579652550582082,1,0
1,1,0,1,1,-0.5544873301529852,-1.4368668546591947,-3.4548579441686273,1,1,-0.552531045478073,-1.9136937318558243,1,0
1,0,0,1,0,-0.5544873301529852,-0.5206224701729736,0.2732312961117544,1,1,-0.330012759980465,-0.34933032708757633,1,0
1,1,3,1,0,2.096114333034056,1.716441741299878,0.2732312961117544,1,0,0.732217634926292,0.09242047035556868,1,0
0,1,0,1,0,-0.5544873301529852,-0.7348094691437785,0.2732312961117544,1,0,-0.37835935125849685,-0.63771702123606,0,0
1,1,2,1,1,0.6425585822540657,-0.6872123582613775,0.2732312961117544,1,1,-0.0323403181692498,-1.2604487060201077,0,1
1,0,0,1,0,-0.5544873301529852,1.145276410711065,0.2732312961117544,0,0,1.2356730037157966,-0.889921592704815,1,0
1,1,2,0,0,-0.06540857165524729,-0.19934197171676618,0.2732312961117544,1,0,-0.21611934783510156,-0.11078310747394651,0,0
1,1,2,1,0,0.15792599428812537,0.4670175806368492,0.2732312961117544,1,0,0.015541402038800948,0.24001257121362665,0,0
1,0,0,1,0,-0.5544873301529852,0.26472985938664456,0.2732312961117544,1,1,-0.24912519380375792,0.8203027705416495,0,1
1,0,0,1,1,-0.5544873301529852,0.34802480343084646,-2.5228356340985316,1,1,-0.011576077043428444,0.14977692882437468,1,0
1,1,0,1,0,0.14116735151442666,-0.2826369157609681,0.2732312961117544,1,1,-0.3552707547827701,0.218978034792708,1,0
1,1,2,1,0,-0.5544873301529852,0.49081613607804975,-2.5228356340985316,1,1,0.7333023340895811,-0.9162421834229617,0,1
0,1,0,1,0,0.9797835164350234,-0.5444210256141742,0.2732312961117544,1,1,-0.0323403181692498,-1.0580866655073242,1,0
0,1,2,1,0,-0.5544873301529852,-0.9013993572321825,0.2732312961117544,1,1,1.215063719613302,-2.203207706007149,0,1
1,1,1,1,0,-0.06711863724440022,-1.3773704660561934,0.2732312961117544,1,1,-0.6293897290482775,-1.5806674552441842,0,1
0,0,0,1,0,0.015306524152771011,0.9429886894608602,0.2732312961117544,1,0,0.7192012449668219,-0.5275787159945549,0,0
1,1,0,1,0,-0.2706164423535989,-0.2469390825991673,0.2732312961117544,1,1,-0.20682192643548006,-0.21935705998421678,1,0
1,0,0,1,0,-0.5544873301529852,-0.3302340266433692,0.2732312961117544,0,0,-0.11586215374251632,-0.5836733575301666,0,0
1,1,0,1,1,0.7280618617117122,0.07434141585704014,0.2732312961117544,1,1,-0.10811430257616507,0.016923693853379197,0,0
1,0,0,1,0,-0.5544873301529852,1.1690749661522655,0.2732312961117544,1,0,0.33180868664925917,0.3153229705657997,0,1
1,1,2,0,0,-0.5544873301529852,-0.3897304152463706,0.2732312961117544,1,0,-0.7350704189573086,2.9497345042392817,0,0
1,0,0,1,0,-0.5544873301529852,-1.1393849116441879,0.2732312961117544,1,1,-0.5842972352601131,-0.9782778296156814,0,1
1,1,3,1,0,-0.5544873301529852,5.405217834685963,-2.5228356340985316,0,1,5.1095985868914235,-1.020269313752704,1,0
1,1,1,1,0,-0.5544873301529852,0.16953563762184234,0.2732312961117544,1,1,-0.15878524920410228,0.3206733705197751,0,0
1,1,1,1,0,-0.5544873301529852,0.49081613607804975,0.2732312961117544,1,1,0.3894526993269125,-0.49091566791718566,0,1
1,0,0,1,0,0.15792599428812537,-0.3064354712021687,0.2732312961117544,1,1,-0.30397998006152477,-0.02016351282127438,0,0
1,1,0,1,0,1.3693364576440608,1.2999670210788685,0.2732312961117544,1,1,0.4932739049560193,0.1268519808077344,1,0
1,1,0,0,0,-0.19845167449134524,-0.5682195810553747,0.2732312961117544,1,1,-0.6385321934245719,1.1344475089741581,1,0
1,1,0,1,0,-0.5544873301529852,1.537952575490874,0.2732312961117544,1,0,0.1407466768870372,1.2400519327359882,0,1
1,1,1,1,0,-0.11671053932983518,-0.2945361934815684,0.2732312961117544,0,0,-0.4115201542504802,0.4388860274108864,1,0
1,1,2,1,0,-0.059594348652127316,0.1457370821806418,0.2732312961117544,1,1,-0.21859866020833396,0.4904719679903946,0,0
1,1,0,1,0,-0.5544873301529852,-0.841902968629181,-2.5228356340985316,1,1,0.35613693931160206,-1.819775099665975,0,1
1,1,0,1,0,0.52832620089865,0.43131974747504837,0.2732312961117544,1,1,-0.023507767839609374,0.29926709990513606,0,0
0,1,0,1,0,-0.5544873301529852,-0.4016296929669709,0.2732312961117544,1,0,-0.37835935125849685,0.06452297272320494,0,0
1,1,0,1,0,0.5854423915763578,-0.19934197171676618,0.2732312961117544,1,1,-0.194115450522664,-0.17557500857943262,0,0
1,0,0,1,0,-0.5544873301529852,-0.9846943012763844,2.1372759162519452,0,0,-0.7418885279836976,0.492631954288671,1,0
1,1,2,1,0,-0.5544873301529852,0.6455067464458534,0.2732312961117544,1,1,0.1511287974499479,0.12910397216767325,1,0
1,1,0,0,0,0.05053387528932137,-0.6039174142171756,0.2732312961117544,1,1,-0.5323866324455597,0.298041599859064,0,0
1,1,3,1,0,-0.5544873301529852,6.59514560674599,-0.6587910139583409,1,1,6.932513009310547,-1.1900613427409479,0,1
1,1,3,0,0,-0.5544873301529852,-0.7705073023055794,-2.5228356340985316,1,0,-0.5427687530084705,-0.10097511784635035,0,0
1,1,0,1,0,1.3693364576440608,0.49081613607804975,0.2732312961117544,1,1,0.6676005561989226,-0.8478441772861103,1,0
1,1,0,0,1,-0.302765675429674,-0.6991116359819778,0.2732312961117544,1,0,-0.30134571066496535,-0.7759483035115481,1,0
1,1,0,1,0,0.11722643326628564,-0.3540325820845698,0.2732312961117544,1,1,-0.2423070847773688,-0.3029006315140948,0,0
1,1,2,1,0,-0.0007680923852665297,-0.5325217478935739,0.2732312961117544,1,1,-0.5207648556960329,0.42398699801534057,0,0
1,1,3,1,0,3.3102609013326365,4.155793674022934,0.2732312961117544,0,0,1.5172299151010011,0.6390139549364693,1,0
1,1,1,1,0,-0.5544873301529852,-0.3540325820845698,0.2732312961117544,1,1,-0.5074385516899087,0.8110910303011557,1,0
1,0,0,0,0,-0.05822629618080497,-0.5206224701729736,2.1372759162519452,0,0,-0.5021700128967899,0.3538841330247905,0,1
1,1,1,1,0,1.925107774118763,0.40752119203384785,0.2732312961117544,0,0,1.0266359792476396,-1.2287230820862356,0,1
1,0,0,1,0,1.1771250854232715,-0.9370971903939832,0.2732312961117544,1,0,-0.007082323366944716,-1.64097091717683,0,0
1,1,0,1,0,-0.5544873301529852,-0.8657015240703816,-2.5228356340985316,1,1,-0.37572508186193737,-0.9203631666307978,1,0
1,1,1,1,0,-0.5544873301529852,1.3594634096818698,0.2732312961117544,1,0,4.156148022360238,-1.8614722172328675,1,0
0,1,0,1,0,-0.5544873301529852,-0.44922680384937197,0.2732312961117544,1,1,-0.5268081796057869,0.6800311384630281,1,0
1,1,0,1,1,1.0700749795422981,-0.3064354712021687,0.2732312961117544,1,1,5.713621063820168,-2.4302242623490797,1,0
1,1,1,1,1,-0.5544873301529852,-0.9489964681145835,-0.6587910139583409,0,0,-0.7510309923599922,0.7386429669243608,0,0
1,1,0,1,0,0.1767367157688076,-1.0441906898793858,0.2732312961117544,1,1,-0.38796668670477236,-1.2698484026597197,0,0
1,1,0,1,1,1.256814141877798,0.26472985938664456,0.2732312961117544,1,1,-0.16343395990391302,0.49010158212766414,0,0
1,1,0,1,0,-0.5544873301529852,0.50271541379865,-2.5228356340985316,1,1,0.3569117244282372,-0.42786023058843764,0,0
1,0,0,0,0,-0.5544873301529852,-1.1631834670853884,0.2732312961117544,1,1,-0.33156233021373527,-1.6150206934842675,0,0
1,0,0,1,0,-0.5544873301529852,0.21713274850424344,0.2732312961117544,1,0,0.7709568907580483,-1.1735679366266194,1,0
1,1,0,0,0,-0.5544873301529852,0.16953563762184234,0.2732312961117544,1,0,-0.15367166743431046,0.30390747588527983,0,1
1,0,0,1,0,-0.5544873301529852,-0.8300036909085807,0.2732312961117544,1,1,-0.49070319317059,-0.4801641765571299,1,0
1,0,0,1,0,-0.5544873301529852,-0.3064354712021687,0.2732312961117544,1,1,-0.43910250440269066,0.5466621811742229,0,0
1,1,1,1,0,0.32893255320341835,0.2885284148278451,0.2732312961117544,1,0,-0.2040327000155936,0.6788423647758419,1,0
1,0,0,1,0,0.7280618617117122,0.49081613607804975,0.2732312961117544,1,1,0.7838183236941914,-0.9655669795182387,0,0
0,0,0,0,0,0.25437369351635064,-0.3064354712021687,0.2732312961117544,1,1,-0.42655098551320164,0.48426072192156966,0,1
0,1,0,1,0,0.4086216096579449,-0.3897304152463706,0.2732312961117544,1,1,-0.12283521979223246,-0.6602898259199353,1,0
1,0,0,1,1,-0.5544873301529852,-0.7467087468643788,0.2732312961117544,1,0,0.6159998674310232,-1.8771500905743388,0,1
1,1,1,0,0,0.30054546442347974,-0.6634138028201769,0.2732312961117544,1,1,-0.2982465701984249,-0.7160551382092468,1,0
1,0,2,1,0,-0.5544873301529852,0.240931303945444,0.2732312961117544,0,1,-0.3256739633273083,1.1313119458744334,1,0
1,1,3,0,0,-0.5544873301529852,-0.21124124943736647,-2.5228356340985316,1,0,-0.46993895204476865,0.9410664521570423,0,1
1,1,1,0,0,-0.18408712354246062,-0.12794630539316454,0.2732312961117544,1,1,-0.37835935125849685,0.6413629677611725,0,1
1,1,2,0,0,-0.5544873301529852,-0.2588383603197676,0.2732312961117544,1,1,-0.4815607287942955,0.8942567005870334,1,0
0,0,0,0,0,-0.5544873301529852,-0.3064354712021687,0.2732312961117544,1,1,-0.40547683034072624,0.38464572859016827,1,0
0,0,0,1,0,-0.5544873301529852,-0.7824065800261797,0.2732312961117544,1,1,-0.5858468054933834,0.09012869383463144,0,1
1,0,0,0,0,0.3111478710762279,-1.0798885230411865,0.2732312961117544,1,1,-0.08037699540062758,-1.7727508448569593,0,0
1,0,0,1,0,-0.5544873301529852,-1.0322914121587854,0.2732312961117544,1,1,-0.7043889283385576,-0.008835267872061462,0,1
1,0,0,1,0,-0.5544873301529852,-0.22314052715796673,0.2732312961117544,1,0,-0.558884283434481,1.5263611696275616,1,0
0,0,0,1,0,-0.5544873301529852,0.8120966345342572,0.2732312961117544,1,0,0.4610428441039981,-0.28468592827286704,1,0
1,1,3,1,0,-0.12697093286475275,-0.21124124943736647,0.2732312961117544,0,0,-0.36332851999577537,0.3992659442026885,1,0
1,1,1,1,1,-0.5544873301529852,1.1214778552698643,0.2732312961117544,1,1,0.11812295148129155,0.7981330961159726,0,1
1,1,3,0,1,-0.5544873301529852,-0.18744269399616592,0.2732312961117544,1,1,-0.20480748513222874,-0.12434002407406075,0,0
1,1,0,1,0,0.478734298813215,-0.10414774995196399,0.2732312961117544,1,1,-0.1287235866786594,-0.2021372703817315,0,1
1,1,3,0,0,-0.21828843532551923,-0.5444210256141742,0.2732312961117544,1,1,-0.33962009542674054,-0.36617010861227983,1,0
1,1,0,1,0,0.061136281942069534,-0.12794630539316454,0.2732312961117544,1,0,-0.7863611936785538,5.213061082281146,0,0
1,1,0,1,0,0.052585953996304884,-0.17554341627556563,0.2732312961117544,1,1,-0.23595384682096077,-0.007731312369542662,1,0
1,1,2,1,0,-0.5544873301529852,-0.8776008017909819,0.2732312961117544,0,0,-0.31374227253112735,-1.0892774013516946,1,0
0,1,2,1,0,0.26052992963730115,-0.22314052715796673,0.2732312961117544,1,1,-0.055583871668303565,-0.5545797942284418,1,0
1,1,0,1,0,-0.5544873301529852,-1.0203921344381852,0.2732312961117544,0,0,-0.74436784035693,0.36069507283196567,0,1
1,1,2,1,0,0.032749193162130895,-0.3540325820845698,0.2732312961117544,1,1,-0.20124347359570716,-0.41589524179595583,1,0
1,0,0,1,0,0.40007128171218026,-0.020852805907762065,0.2732312961117544,1,1,-0.19566502075593425,0.12810656120783936,1,0
1,1,0,1,0,-0.2090540811440934,0.34802480343084646,0.2732312961117544,1,1,0.24224352716623865,-0.4022401206067875,1,0
1,1,0,1,0,-0.5544873301529852,-0.21124124943736647,0.2732312961117544,1,1,-0.120045993372346,-0.3904322361632269,1,0
1,1,0,1,0,-0.5544873301529852,0.2885284148278451,0.2732312961117544,1,0,-0.5849170633534213,3.2678948836290336,0,0
1,1,0,0,1,-0.5544873301529852,-0.09224847223136372,0.2732312961117544,1,0,-0.35480588371278904,0.6054988329060045,0,1
1,1,2,1,0,0.025224904569858004,0.7644995236518561,0.2732312961117544,1,1,0.1426061611669615,0.2936679927785096,1,0
1,1,0,1,0,-0.5544873301529852,0.1457370821806418,2.1372759162519452,1,1,-0.35124187217626746,1.072456431896497,1,0
1,0,0,1,1,-0.5544873301529852,0.6455067464458534,0.2732312961117544,1,1,-0.09680243987329223,0.847489215988055,0,0
1,1,1,1,0,0.14800761387103836,-0.49682391473177306,0.2732312961117544,1,1,-0.38424771814492376,-0.11430928976486565,1,0
1,1,0,1,0,-0.5544873301529852,-1.2345791334089902,-2.5228356340985316,1,1,-0.5127070904830275,-1.4453119120285567,0,0
1,0,0,0,0,0.33406274997087715,-0.3064354712021687,0.2732312961117544,1,1,-0.1917910951727586,-0.3609919225278285,0,0
0,0,0,1,0,-0.5544873301529852,1.5974489640938754,0.2732312961117544,1,1,0.20272948621784725,1.1177565554068596,1,0
1,1,1,1,0,0.05395400646762723,-0.06844991679016317,0.2732312961117544,1,1,-0.323969436070711,0.5169795882068902,1,0
1,1,1,1,0,-0.1235508016864469,0.2885284148278451,0.2732312961117544,1,1,-0.04101791147556321,0.1461071732048419,0,0
1,1,0,1,0,-0.5544873301529852,1.2999670210788685,0.2732312961117544,1,0,-0.19814433312916666,2.356523308036786,0,1
0,0,0,1,1,-0.5544873301529852,-0.2826369157609681,0.2732312961117544,1,1,-0.5519112173847649,1.3049074841439727,0,1
0,0,1,1,0,-0.5544873301529852,-0.4016296929669709,0.2732312961117544,1,1,-0.4978312162436332,0.6326520759158526,0,0
1,1,1,1,0,-0.5544873301529852,-0.5920181364965753,0.2732312961117544,1,1,-0.5748448568371647,0.5841896469860147,1,0
1,1,2,1,0,1.1555782589999446,-0.3064354712021687,0.2732312961117544,1,1,0.5879526462088316,-1.46955053658725,0,0
1,1,1,0,0,0.12372468250506677,-0.06844991679016317,-2.5228356340985316,1,0,-0.3923054833579291,0.8370963736002685,0,1
1,0,0,1,0,1.3953294545991854,0.11003924901884096,-4.386880254238722,1,1,0.2543301749857466,-0.6885918557857362,0,1
1,1,2,1,1,-0.10987027697322346,-0.44922680384937197,0.2732312961117544,1,1,0.08139813695278661,-1.1002387232176691,0,0
1,1,0,0,0,0.956184611304713,-0.2707376380403678,0.2732312961117544,1,1,0.12370140432106445,-0.9372247318131879,1,0
1,0,0,1,1,0.9274555094069438,-0.3064354712021687,-2.5228356340985316,1,0,0.5203913840382487,-1.4160158645843994,0,1
1,1,2,1,0,-0.5544873301529852,-0.4016296929669709,0.2732312961117544,1,1,0.4150206081758716,-1.4176861457232286,0,1
1,1,1,0,0,-0.5544873301529852,-0.10414774995196399,-2.5228356340985316,1,1,-0.06457137902127102,-0.3614157342665827,0,1
1,1,1,1,0,0.07584284600878473,-0.2707376380403678,2.1372759162519452,1,1,-0.3563554539460593,0.24769455209992652,1,0
1,1,0,1,0,0.08439317395454939,-0.6634138028201769,0.2732312961117544,1,1,-0.5187504143927816,0.06892919514926726,0,1
1,1,0,0,0,0.7759436982079941,0.6574060241664537,0.2732312961117544,0,0,-0.22727625351464736,1.4123225221224684,1,0
0,0,2,1,0,-0.5544873301529852,-0.09224847223136372,0.2732312961117544,1,0,-0.5574896702245379,1.8840853731785387,0,1
1,0,0,0,1,0.1866550961858946,-0.49682391473177306,0.2732312961117544,1,1,-0.35248152836288366,-0.2278200647620326,0,0
1,1,1,0,0,1.8741478195620058,1.585549686373275,-2.5228356340985316,1,1,0.4241630725521661,0.5406190595927476,1,0
1,0,0,1,1,-0.5544873301529852,0.5503125246810512,0.2732312961117544,0,0,1.429524239897905,-1.386357329873108,0,1
0,0,3,1,0,-0.5544873301529852,1.2999670210788685,0.2732312961117544,1,1,-0.6107948862490344,6.762574981275242,0,0
1,0,0,0,0,-0.5544873301529852,-0.36593185980517007,0.2732312961117544,0,0,-0.15181218315438616,-0.5577887837102108,0,0
1,1,3,1,0,-0.5544873301529852,-0.6158166919377758,0.2732312961117544,1,0,-0.2750030166993711,-0.6864343236741317,0,1
1,1,0,1,0,0.16374021729124533,1.8830316293882818,0.2732312961117544,1,0,1.5121163333312093,-0.6624338892829914,0,0
1,1,3,0,0,-0.5544873301529852,-0.21124124943736647,0.2732312961117544,1,0,-0.3244343071406921,0.23924374996694495,1,0
1,1,1,1,0,0.8990684206270051,2.192412850123889,0.2732312961117544,1,1,0.5126435328718975,0.9263982696739288,0,1
1,0,0,1,0,0.2010196471347792,-0.13984558311376483,0.2732312961117544,1,1,-0.4270158565831827,0.8634757697858852,1,0
0,0,1,1,0,-0.5544873301529852,0.11003924901884096,-4.759689178266761,1,0,-0.5491219909648785,2.3736193159741865,1,0
0,0,0,1,0,-0.5544873301529852,-0.3064354712021687,0.2732312961117544,1,1,0.02716317878832783,-0.8287430195928361,0,0
1,0,0,1,1,-0.5544873301529852,-0.21124124943736647,0.2732312961117544,1,1,-0.2880194066588412,0.10351688644120188,1,0
1,0,0,1,0,0.6244318870090446,0.06244213813643986,0.2732312961117544,1,1,0.08015848076617041,-0.44316578981493815,0,0
1,1,2,1,0,-0.08011513572196248,0.05054286041583959,0.2732312961117544,1,1,-0.1440643319880349,0.08431539256935554,1,0
1,1,3,1,0,0.06489842623820598,0.16953563762184234,0.2732312961117544,0,1,-0.13647143784501067,0.24883484613773688,0,1
0,0,0,1,0,-0.5544873301529852,-0.12794630539316454,0.2732312961117544,1,0,-0.558884283434481,1.7953878261782017,0,0
0,0,1,1,0,-0.0209468663372711,-0.6634138028201769,0.2732312961117544,1,1,-0.4011380336875695,-0.4124380150585122,0,1
0,0,0,1,0,-0.5544873301529852,-1.3773704660561934,0.2732312961117544,1,1,-0.5869315046566725,-1.679176215243038,0,1
1,1,0,1,0,-0.5544873301529852,-0.11604702767256427,0.2732312961117544,1,1,0.6386235928367688,-1.3419551346828917,0,1
1,0,0,1,0,0.08063102965841293,-0.23503980487856702,0.2732312961117544,1,1,-0.36177894976250513,0.3435473285319662,0,0
1,1,0,1,0,0.2058078307844074,0.05054286041583959,0.2732312961117544,1,1,-0.3380705251934703,0.8155972425374288,1,0
1,1,2,1,0,-0.5544873301529852,-0.6634138028201769,0.2732312961117544,1,1,-0.484194998190855,-0.09193764131552119,1,0
1,1,1,1,0,0.07550083289095415,-0.36593185980517007,0.2732312961117544,1,1,-0.3769647380485536,0.13411014111415648,1,0
1,1,0,1,0,0.5652636176243533,0.7288016904900553,0.2732312961117544,1,1,0.03754529935123851,0.5296677547409755,1,0
1,1,0,1,0,-0.10987027697322346,-0.7824065800261797,0.2732312961117544,1,1,-0.4062516154573613,-0.6560129465840137,0,1
1,1,0,1,0,-0.5544873301529852,3.4537362885075185,0.2732312961117544,1,1,1.1712108820117542,0.6920681473291161,1,0
0,1,0,0,0,-0.5544873301529852,-0.2588383603197676,0.2732312961117544,1,1,-0.4532035935254499,0.7318467133242861,0,0
1,0,1,0,1,0.27523649370401637,0.1457370821806418,0.2732312961117544,0,0,-0.08456083503045726,0.05858490825815573,0,1
1,1,0,1,0,-0.2808768358885165,-0.4016296929669709,0.2732312961117544,1,1,-0.35604553989940524,-0.02104720635877852,1,0
1,1,2,1,0,-0.21733080276815359,-0.8062051354673803,-2.5228356340985316,1,1,-0.5792146467854624,-0.01672376344108231,0,1
0,0,0,1,0,0.015306524152771011,-1.0917878007617867,0.2732312961117544,1,1,-0.5497418190581865,-0.9593209528958219,0,1
1,1,0,1,0,-0.5544873301529852,-0.21124124943736647,0.2732312961117544,1,0,2.1139694119333745,-2.0325518822234776,0,0
1,0,0,1,0,0.48967871858379375,-0.6753130805407772,0.2732312961117544,1,1,-0.1260893172821,-1.0973904933727117,0,0
0,0,0,1,1,0.032749193162130895,-0.5563203033347744,-0.6587910139583409,1,0,-0.4195779194634855,-0.10852728291120256,1,0
1,1,0,1,0,0.12953890550818672,-0.3064354712021687,0.2732312961117544,1,1,-0.2046525281089017,-0.32630995519111045,0,0
0,0,0,1,0,-0.5544873301529852,-0.36593185980517007,0.2732312961117544,1,1,-0.4494846249656013,0.46077359007116664,1,0
1,0,0,1,0,-0.5544873301529852,0.49081613607804975,0.2732312961117544,1,1,0.38480398862710175,-0.4838052724548487,0,0
1,1,0,1,0,0.2718163625257105,-0.08034919451076344,0.2732312961117544,1,1,-0.23765837407755805,0.16521293725498418,0,0
1,1,2,1,0,-0.5544873301529852,-0.22314052715796673,0.2732312961117544,0,0,-0.40671648652734244,0.5731966683475453,1,0
1,1,2,1,0,-0.0209468663372711,-0.13984558311376483,0.2732312961117544,1,1,-0.35821493822598355,0.5235832870429434,0,1
0,0,0,1,0,-0.5544873301529852,-0.03275208362836234,2.1372759162519452,0,0,-0.24912519380375792,0.28983554231910436,0,1
1,1,0,1,0,0.5857844046941885,0.31232697026904566,0.2732312961117544,1,1,-0.20263808680565037,0.7136637332753201,1,0
1,1,3,1,0,-0.12697093286475275,-0.4254282484081714,0.2732312961117544,1,1,-0.21054089499532866,-0.5129544243565795,0,1
1,1,1,1,0,-0.5544873301529852,0.6455067464458534,0.2732312961117544,1,1,-0.023197853792955324,0.5993197681228322,1,0
0,1,1,1,0,-0.5544873301529852,-0.12794630539316454,0.2732312961117544,1,1,-0.36549791832235373,0.5811354929256332,0,1
0,0,0,1,0,0.31456800225453374,0.06244213813643986,2.1372759162519452,1,0,0.08000352374284338,-0.44286062190440934,0,0
1,1,1,1,0,0.44590103950147875,-0.3897304152463706,0.2732312961117544,1,0,-0.3231946509540759,-0.11467283865293044,0,1
1,1,0,0,0,0.44897915756195406,-0.6277159696583761,0.2732312961117544,0,0,-0.35496084073611606,-0.4863946651233006,0,1
1,1,0,0,0,0.04403562605054023,-0.4849246370111728,0.2732312961117544,1,1,-0.37185115627876175,-0.13495114447981857,1,0
0,0,0,1,0,-0.5544873301529852,-0.16364413855496537,0.2732312961117544,1,1,-0.31374227253112735,0.2900222667834386,0,0
1,1,1,1,0,0.06216232129556129,-0.5920181364965753,0.2732312961117544,1,1,-0.5573347132012108,0.4744653729307973,0,1
1,0,0,1,0,0.30054546442347974,-0.06844991679016317,0.2732312961117544,1,1,-0.08130673754058973,-0.268770932102077,0,0
1,0,0,0,0,-0.5544873301529852,-0.21124124943736647,0.2732312961117544,1,0,-0.7786133425122026,4.611827893606857,0,1
0,0,0,1,0,0.015306524152771011,-0.12794630539316454,0.2732312961117544,1,1,-0.24742066654716063,0.11428098998125416,0,0
0,0,0,1,0,0.08268310836539645,-0.49682391473177306,0.2732312961117544,0,0,-0.42794559872314486,0.059675231737460185,0,1
1,0,0,1,0,-0.5544873301529852,3.9773045082139302,0.2732312961117544,1,0,2.046718063809446,-0.017605256689432486,0,0
1,1,2,0,0,-0.5544873301529852,0.4670175806368492,0.2732312961117544,1,1,0.09952810868204855,0.029034135151869124,0,0
0,0,0,1,0,-0.5544873301529852,-0.7348094691437785,0.2732312961117544,1,1,-0.6365177521213207,0.5655039214476584,1,0
1,0,0,0,0,0.26805421822957404,-0.41352897068757116,0.2732312961117544,1,1,-0.262296540786555,-0.3516159359251855,1,0
0,0,0,1,0,-0.5544873301529852,-1.0679892453205864,0.2732312961117544,1,1,-0.7000501316854009,-0.17693329963135673,0,0
1,1,2,1,1,-0.5544873301529852,-0.020852805907762065,-4.014071330210684,1,1,-0.19814433312916666,0.13610529024180149,0,0
1,1,0,1,0,0.07584284600878473,0.15763635990124206,0.2732312961117544,1,0,-0.4197328764868125,1.489974628672641,0,0
1,1,1,0,0,0.006414183089175776,-0.41352897068757116,-2.5228356340985316,1,1,-0.30769894862137337,-0.21248186712457445,0,1
1,1,2,1,0,-0.5544873301529852,-0.3064354712021687,0.2732312961117544,1,1,-0.5125521334597005,0.9663503741665682,1,0
1,1,0,1,0,0.17536866329748527,-0.6872123582613775,0.2732312961117544,1,1,-0.43894754737936365,-0.33154000096906033,0,1
0,0,1,1,0,-0.5544873301529852,-0.4016296929669709,0.2732312961117544,1,1,-0.5398245695652569,0.8911076366097389,1,0
1,1,1,1,1,-0.5544873301529852,0.11003924901884096,0.2732312961117544,1,0,0.4610428441039981,-0.9628415984393074,0,0
1,1,0,1,0,0.1866550961858946,-0.36593185980517007,0.2732312961117544,1,1,-0.38083866363172925,0.1498674607125143,1,0
1,1,3,1,0,-0.4898468508830045,-0.2588383603197676,0.2732312961117544,1,1,-0.3864171164715021,0.40117395195045297,1,0
1,1,2,0,0,-0.010686472802353523,-0.21124124943736647,0.2732312961117544,1,1,-0.28414548107566556,0.08980106150595324,0,0
0,0,0,1,0,0.4664218265713139,-0.16364413855496537,0.2732312961117544,1,1,-0.1353867386817215,-0.27779802579529417,0,0
1,1,3,1,0,-0.5544873301529852,1.835434518505881,0.2732312961117544,1,1,1.2358279607391236,-0.4456042228886324,0,0
1,1,1,1,1,1.1497640359968246,2.7397796252715017,0.2732312961117544,0,0,1.0264810222243126,0.4219529352138014,0,0
1,0,0,1,0,-0.5544873301529852,-0.18744269399616592,0.2732312961117544,0,1,-0.32660370546727047,0.29449182980539357,0,0
1,1,0,1,1,0.18426100436108048,0.45511830291624894,0.2732312961117544,1,1,0.14771974293675336,-0.09348919939462107,1,0
0,1,0,1,0,0.28378682164978103,-0.4254282484081714,0.2732312961117544,1,0,-0.03729894291571461,-0.8807017007496563,0,1
0,0,0,1,0,-0.5544873301529852,-0.9370971903939832,0.2732312961117544,1,1,-0.7011348308486901,0.3359989223879432,0,1
1,0,1,1,0,0.058742190117255434,-0.3421333043639695,0.2732312961117544,1,1,-0.13135785607521883,-0.5673005672521823,0,1
1,0,0,1,0,-0.5544873301529852,-0.5682195810553747,0.2732312961117544,1,1,-0.6337285257014341,1.0934780303115585,1,0
1,0,0,1,0,-0.5544873301529852,-0.8895000795115822,0.2732312961117544,1,1,-0.6495341420807907,0.13620414400917333,0,1
1,1,0,1,0,-0.5544873301529852,4.096297285419933,-2.5228356340985316,1,1,8.725985597297536,-1.8552031727221727,0,1
1,1,1,1,1,0.07242271483047887,0.43131974747504837,-2.5228356340985316,1,1,0.7192012449668219,-0.9512449664217989,0,1
1,1,0,1,1,0.9811515689063458,-0.9013993572321825,0.2732312961117544,1,1,0.4599581449407089,-1.9392819214778816,1,0
1,1,1,1,0,-0.3191823050855421,0.16953563762184234,0.2732312961117544,1,1,-0.16839258465037782,0.35267688065202224,0,0
1,1,2,1,1,1.0187730118677103,0.35992408115144675,0.2732312961117544,1,1,0.01166747645562532,0.10482052730613901,0,0
0,0,3,0,0,-0.5544873301529852,-0.21124124943736647,0.2732312961117544,0,0,-0.8049560364777969,5.295196763794026,0,1
0,0,0,1,0,-0.5544873301529852,-0.8895000795115822,0.2732312961117544,1,1,-0.44390617212582845,-0.7826926834505041,1,0
1,1,3,0,0,-0.01171251215584528,0.3242262479896459,0.2732312961117544,1,0,-0.4324393523996286,1.952044704242823,0,0
0,0,0,1,0,-0.5544873301529852,-1.186982022526589,0.2732312961117544,1,0,-0.7200395876945871,-0.5210074848135975,0,0
1,1,1,0,0,-0.13415320833919506,0.1457370821806418,0.2732312961117544,1,1,-0.1924109232660667,0.39593632626177305,0,1
1,1,3,0,0,-0.5544873301529852,-0.8538022463497813,0.2732312961117544,1,1,-0.5968487541496021,-0.06379367287958997,1,0
1,1,2,1,0,0.2424032343922801,-0.2469390825991673,0.2732312961117544,1,1,-0.32722353356057854,0.17998898434953595,0,0
1,1,0,1,0,0.2861809134745951,0.16953563762184234,0.2732312961117544,1,1,-0.32040542453418946,0.9656017787707077,1,0
1,1,0,0,0,0.5502150404398075,0.07434141585704014,0.2732312961117544,0,0,-0.042102610638852386,-0.15727142785668174,0,0
1,1,2,0,0,0.18699710930372518,-0.23503980487856702,0.2732312961117544,1,1,-0.2748480596760441,0.013636985729965427,0,1
1,1,0,1,0,1.0129587888645903,1.3475641319612697,0.2732312961117544,1,1,0.602983477471553,-0.017258136870118193,1,0
1,1,0,1,0,1.5830946562881771,0.49081613607804975,0.2732312961117544,1,1,0.28671619286109484,-0.32256810225686017,0,0
1,1,0,1,0,-0.5544873301529852,0.9786865226226611,0.2732312961117544,1,1,0.31894725371311605,0.14080946771819783,1,0
1,0,0,1,0,0.8706813318470665,1.930628740270683,0.2732312961117544,1,0,0.9130524811489302,-0.0037058104632063348,0,0
1,1,3,1,0,0.15792599428812537,-0.6039174142171756,0.2732312961117544,1,1,-0.3526364853862107,-0.44512015618401546,0,0
0,1,0,1,1,-0.5544873301529852,-0.4849246370111728,0.2732312961117544,0,0,-0.23626376086761483,-0.5500966219897787,0,0
0,1,0,1,0,-0.3817707056485393,-0.18744269399616592,0.2732312961117544,1,1,-0.6348132248647234,2.3588461497085307,1,0
0,0,0,1,0,-0.5544873301529852,-0.3540325820845698,-2.5228356340985316,1,1,-0.4976762592203061,0.7523450911180595,0,1
1,1,2,1,0,0.5286682140164806,0.2290320262248437,0.2732312961117544,1,1,0.6934783790945357,-1.0952743564305432,0,0
1,1,1,1,0,-0.5544873301529852,-0.9370971903939832,0.2732312961117544,1,0,-0.4880689237740306,-0.757058986661082,0,1
1,1,0,0,0,0.015306524152771011,-0.5444210256141742,2.1372759162519452,0,0,-0.36549791832235373,-0.2810499690105302,0,1
1,1,3,1,0,0.5286682140164806,0.6455067464458534,0.2732312961117544,1,1,0.20288444324117427,0.013941662863133884,1,0
0,0,1,1,0,-0.5544873301529852,-0.7705073023055794,0.2732312961117544,1,0,-0.3566653679927133,-0.7731745089550254,1,0
1,1,2,1,0,0.6996747729317736,1.0738807443874632,0.2732312961117544,1,1,0.25448513200907363,0.38539186577475976,1,0
1,1,0,1,0,0.24342927374577186,-0.18744269399616592,0.2732312961117544,1,1,0.009033207059065894,-0.6348205875464475,0,1
1,1,0,1,0,0.4828384562271821,-0.6039174142171756,-0.6587910139583409,1,1,-0.15165722613105911,-0.9383742002574527,0,1
1,0,0,1,1,-0.5544873301529852,-0.05655063906956289,0.2732312961117544,1,1,-0.03141057602928765,-0.3687742794862064,0,0
1,0,0,0,0,-0.5544873301529852,-0.1517448608343651,0.2732312961117544,1,0,-0.12531453216546487,-0.285100132377412,0,0
1,0,0,1,0,-0.5544873301529852,-0.5920181364965753,2.1372759162519452,1,0,-0.7011348308486901,1.6693219349185715,1,0
1,0,0,1,0,-0.5544873301529852,-0.2588383603197676,0.2732312961117544,0,0,-0.2945276016385763,0.037132715347577255,0,0
1,1,1,1,0,-0.5544873301529852,0.34802480343084646,0.2732312961117544,1,1,-0.10842421662281912,0.4357664477906029,1,0
1,1,0,1,0,1.2465537483428806,5.048239503067955,0.2732312961117544,1,0,2.784778365916066,-0.12334825945811641,0,0
0,0,0,1,1,-0.5544873301529852,-1.0798885230411865,0.2732312961117544,1,1,1.3534403414443354,-2.3432827328162875,1,0
1,1,2,1,0,-0.5544873301529852,0.11003924901884096,0.2732312961117544,1,1,-0.2850752232156277,0.6916197079267377,1,0
1,1,2,1,1,2.1381819465272183,2.787376736153903,-0.6587910139583409,1,1,1.5761135839652707,-0.20443800193455602,0,0
1,0,1,1,0,0.12509273497638912,-0.41352897068757116,-2.5228356340985316,0,0,-0.30614937838810313,-0.21749663269397276,0,1
0,0,0,1,0,-0.055490191238160284,-0.4254282484081714,0.2732312961117544,1,1,-0.43414387965622586,0.24954364837530527,0,1
1,1,0,1,0,-0.23880922239535438,-0.3064354712021687,-2.5228356340985316,1,1,-0.1990740752691288,-0.3414759088017755,0,1
1,1,3,1,0,1.1542102065286222,-0.18744269399616592,0.2732312961117544,1,1,1.041511853487034,-1.657399823464215,0,0
1,1,0,1,0,-0.5544873301529852,-0.18744269399616592,0.2732312961117544,1,1,-0.4206626186267747,0.7224801828406566,1,0
1,0,0,1,0,-0.5544873301529852,-0.8895000795115822,2.1372759162519452,1,0,-0.6129642845756128,-0.08531143459005586,0,1
1,1,2,1,0,-0.5544873301529852,-0.18744269399616592,0.2732312961117544,1,1,-0.25315407641026055,0.027296083783556642,0,1
1,1,0,1,0,0.30054546442347974,-0.21124124943736647,0.2732312961117544,1,1,-0.18466307209971547,-0.22214490754700686,1,0
1,0,0,1,0,0.8929121845060546,1.7878374076234798,0.2732312961117544,1,1,0.4878504091395734,0.5999771468255227,1,0
0,0,0,1,0,-0.5544873301529852,0.12193852673944124,0.2732312961117544,1,1,-0.15878524920410228,0.24404561117893406,0,1
1,0,0,1,1,-0.5544873301529852,-0.21124124943736647,0.2732312961117544,1,1,0.022049597018536,-0.6916213489431525,0,1
1,1,2,1,0,-0.5544873301529852,-0.5444210256141742,0.2732312961117544,1,0,-0.38099362065505626,-0.22709931123340976,0,1
1,0,1,1,0,-0.5544873301529852,-0.3897304152463706,-2.5228356340985316,1,1,-0.5202999846260518,0.7975333291120809,0,1
1,0,0,0,0,-0.007266341624047663,-0.16364413855496537,0.2732312961117544,1,1,-0.4770669751178118,1.1005443322856556,1,0
1,1,0,0,0,0.5180658073637324,-0.21124124943736647,0.2732312961117544,0,0,-0.1361615237983566,-0.350598767929764,0,1
1,1,0,1,0,0.27215837564354106,-0.11604702767256427,0.2732312961117544,1,1,-0.35248152836288366,0.5465236085769898,0,1
1,1,0,1,0,-0.5544873301529852,-0.2469390825991673,0.2732312961117544,1,1,-0.23812324514753913,-0.12641497752937253,0,0
1,0,3,1,0,-0.5544873301529852,0.4670175806368492,0.2732312961117544,1,1,0.3319636436725862,-0.4247900938651031,0,0
1,1,3,1,0,-0.5544873301529852,1.537952575490874,0.2732312961117544,1,1,0.3841841605337936,0.5814206071656913,0,0
1,1,0,1,0,0.16887041405870412,-0.3064354712021687,0.2732312961117544,1,1,-0.36053929357588893,0.19149247354671028,0,1
1,1,2,0,0,0.0012839863217169861,-0.3897304152463706,-2.5228356340985316,1,1,-0.527892878769076,0.8455036293550523,1,0
1,1,2,1,0,-0.07566896519016486,-0.3897304152463706,0.2732312961117544,1,1,-0.3912207841946399,0.14187526539114664,0,1
1,1,2,1,0,-0.3889529811229816,-0.12794630539316454,0.2732312961117544,1,1,-0.5058889814566385,1.3824569507479143,1,0
0,0,0,1,0,-0.5544873301529852,-0.8895000795115822,0.2732312961117544,0,0,-0.595764054986313,-0.17812996858569796,0,1
1,1,0,1,0,-0.055490191238160284,-0.6039174142171756,0.2732312961117544,1,1,-0.3924604403812561,-0.313569748868573,0,1
1,0,0,0,0,0.015306524152771011,-0.4373275261287717,0.2732312961117544,1,1,-0.22572668328137713,-0.49432230264196886,0,0
0,0,0,1,0,0.061136281942069534,-0.5087231924523733,0.2732312961117544,0,0,-0.57716921218707,0.8431353660255072,1,0
1,1,2,0,0,-0.5544873301529852,-1.1988813002471892,-2.5228356340985316,0,0,-0.6408565487744773,-0.9540687942157065,0,1
1,0,0,0,0,-0.5544873301529852,-0.9608957458351838,-0.6587910139583409,1,0,-0.6616207899002987,-0.03256530230370123,0,0
1,0,0,1,0,6.285775026458735,-0.5087231924523733,0.2732312961117544,1,1,2.3980056356918116,-2.218259722306748,1,0
0,0,0,0,0,-0.5544873301529852,-1.1036870784823871,0.2732312961117544,1,1,-0.7843467523753026,0.35892869612039835,1,0
0,0,0,1,1,-0.5544873301529852,0.5741110801222516,0.2732312961117544,1,0,0.06450782141014087,0.2522943459231907,0,0
0,0,0,1,0,-0.5544873301529852,-0.36593185980517007,0.2732312961117544,1,1,-0.3839378040982697,0.1625980719455311,1,0
1,1,0,0,0,0.2663441526404211,-0.36593185980517007,0.2732312961117544,1,1,-0.38083866363172925,0.1498674607125143,0,1
0,0,0,0,0,-0.5544873301529852,-0.9489964681145835,0.2732312961117544,1,1,-0.7456074965435463,0.6835558458437743,0,0
1,1,1,1,0,-0.5544873301529852,0.07434141585704014,-0.6587910139583409,0,0,0.19761590444805543,-0.6394816862811209,1,0
1,1,3,1,0,-0.5544873301529852,2.5493911817418975,0.2732312961117544,0,0,11.46299150032278,-2.2335852741749163,0,0
0,0,1,0,1,-0.5544873301529852,-0.9965935789969846,0.2732312961117544,1,0,-0.4893085799606468,-0.9015661423178398,1,0
1,1,0,1,0,-0.5544873301529852,0.16953563762184234,0.2732312961117544,1,1,-0.11911625123238385,0.19524685906673633,0,1
1,1,0,0,0,-0.5544873301529852,0.8596937454166583,0.2732312961117544,0,0,-0.14390937496470788,1.3660087489292756,0,0
1,1,0,0,0,0.14082533839659606,-0.4254282484081714,0.2732312961117544,1,1,-0.4243815871866233,0.2055350667038592,0,0
0,1,0,0,0,0.5526091322646216,0.38372263659264727,0.2732312961117544,0,0,-0.2539288615268957,1.0542283782460555,1,0
0,0,0,1,0,-0.5544873301529852,-1.0203921344381852,0.2732312961117544,1,1,-0.6244311043018127,-0.44176643861446685,0,1
0,0,1,1,0,-0.5544873301529852,0.16953563762184234,0.2732312961117544,1,0,-0.6856391285159876,4.328894628348368,0,1
1,1,2,1,1,6.285775026458735,1.1095785775492641,0.2732312961117544,1,0,2.258544314697489,-1.4726290529429562,0,1
1,1,0,1,0,0.3939150455912297,-0.4016296929669709,0.2732312961117544,1,1,-0.5000006145702115,0.6451005348696218,0,0
1,1,0,1,0,-0.0698547421870449,-0.09224847223136372,0.2732312961117544,1,1,-0.36596278939233484,0.6572241985919213,1,0
1,1,0,1,0,-0.5544873301529852,-0.09224847223136372,0.2732312961117544,1,1,-0.18528290019302357,-0.023224756835928298,0,0
0,0,0,0,0,-0.5544873301529852,-0.7824065800261797,0.2732312961117544,0,0,-0.6670442857167446,0.636199438393825,0,1
1,1,0,1,0,0.03343321939779207,-0.5444210256141742,0.2732312961117544,1,1,-0.540134483611911,0.5034194255739417,0,1
1,1,1,1,0,0.015648537270601597,-0.4254282484081714,0.2732312961117544,0,0,0.2932243878408299,-1.3265183879698912,0,1
1,1,0,1,0,-0.5544873301529852,-0.5920181364965753,0.2732312961117544,1,1,1.2172331179398805,-2.0028780417508796,1,0
1,1,0,1,0,0.9161690765185344,-0.2945361934815684,0.2732312961117544,1,1,-0.009096764670196041,-0.747891163268521,0,0
0,0,1,0,0,-0.5544873301529852,-0.7705073023055794,0.2732312961117544,1,0,-0.37479533972197526,-0.7231011889774782,0,0
1,1,2,1,0,-0.5544873301529852,-0.1517448608343651,0.2732312961117544,1,1,-0.1688574557203589,-0.1686597514714405,1,0
1,1,0,1,0,-0.5489740784062651,-0.6991116359819778,0.2732312961117544,1,1,-0.633554973705144,0.6613919790526849,0,0
1,0,0,0,0,-0.5544873301529852,-1.0203921344381852,-2.5228356340985316,1,1,-0.6675091567867256,-0.2061601018714306,0,1
0,0,1,1,1,-0.5544873301529852,0.05054286041583959,0.2732312961117544,1,1,0.24782198000601155,-0.7452201835766135,1,0
1,0,0,1,0,-0.5544873301529852,-0.4849246370111728,0.2732312961117544,0,0,-0.08130673754058973,-0.8876874498550212,0,0
1,0,0,1,0,-0.5544873301529852,3.0848586791689097,0.2732312961117544,1,1,0.9066992431925223,0.8709220990576851,1,0
1,1,0,1,0,0.24582336557058596,-0.03275208362836234,0.2732312961117544,1,1,-0.3501571730129783,0.705018270466489,1,0
1,0,0,1,0,-0.5544873301529852,-0.5444210256141742,0.2732312961117544,1,1,-0.5074385516899087,0.3206733705197751,0,1
0,1,0,1,0,-0.5544873301529852,-0.21124124943736647,-1.5908133240284363,1,1,0.4683258242003683,-1.280066564829648,1,0
1,0,0,1,0,0.07857895095142942,-1.1393849116441879,0.2732312961117544,1,1,-0.5032547120600791,-1.2228373339152696,1,0
1,1,0,1,0,-0.169722572593576,-0.21124124943736647,0.2732312961117544,1,1,-0.571280845300643,1.6631513112784229,0,1
1,0,0,1,1,-0.5544873301529852,0.49081613607804975,0.2732312961117544,0,0,0.5255049658080405,-0.6808726314639095,0,1
0,1,0,0,1,-0.5544873301529852,-0.09224847223136372,0.2732312961117544,1,1,0.018175671435360374,-0.5234980247388851,0,0
1,0,0,1,0,1.1774670985411022,0.49081613607804975,0.2732312961117544,1,1,0.26331768233871405,-0.2806490050503716,1,0
1,1,0,1,0,0.07242271483047887,0.40752119203384785,0.2732312961117544,1,1,0.4198242758990094,-0.6189495342390857,0,0
1,0,3,0,0,0.12714481368337263,0.026744304974639036,0.2732312961117544,1,1,-0.050315332875184714,-0.20542766376062419,1,0
1,0,1,1,0,-0.5544873301529852,0.07434141585704014,0.2732312961117544,1,1,4.756296573705806,-2.281245266065903,1,0
1,1,0,1,0,2.2955079807292877,0.34802480343084646,-0.6587910139583409,1,1,1.3390293382749223,-1.4604598023625017,0,0
1,1,1,1,1,-0.1406514575779762,-0.18744269399616592,0.2732312961117544,1,1,-0.3639483480890835,0.4511175459588451,0,0
1,1,2,0,0,-0.5544873301529852,-0.4254282484081714,0.2732312961117544,1,1,-0.3676673166489321,-0.02655645899547087,0,0
1,1,0,1,0,-0.08387728001809892,-1.0798885230411865,0.2732312961117544,1,0,-0.3269136195139245,-1.4582131688067619,0,0
1,1,2,1,0,0.030355101337316795,0.05054286041583959,0.2732312961117544,0,0,-0.3059944213647761,0.6696710863295444,0,0
1,0,1,0,1,-0.027103102458221652,0.5265139692398506,0.2732312961117544,1,0,-0.42050766160344766,2.3214204341720674,1,0
1,1,2,0,0,-0.12526086727559982,-0.2469390825991673,0.2732312961117544,0,0,-0.5362605580287354,1.2869055548007464,0,0
1,1,2,0,0,-0.05651623059165205,-1.0203921344381852,-0.6587910139583409,1,1,-0.5595041115277891,-0.7243730486101443,0,1
1,1,0,1,0,0.03822140304742027,0.03864358269523931,0.2732312961117544,0,0,-0.20821653964542328,0.2702266498834884,0,0
1,1,0,1,0,0.2889170184172398,-0.6634138028201769,-2.5228356340985316,0,1,-0.32164508072080567,-0.6541667442709571,0,0
1,0,0,1,1,-0.5544873301529852,-0.7348094691437785,0.2732312961117544,1,1,0.009343121105719944,-1.381685037419298,1,0
1,1,2,1,0,-0.5544873301529852,-0.5920181364965753,0.2732312961117544,1,1,-0.490548236147263,0.1149559341966056,1,0
1,1,0,1,0,-0.5544873301529852,-0.3302340266433692,0.2732312961117544,1,1,-0.4220572318367179,0.4090420490435067,0,1
1,1,0,1,0,0.32414436955379017,0.3242262479896459,0.2732312961117544,1,0,-0.11586215374251632,0.42346223998765425,0,1
1,0,2,1,0,-0.5544873301529852,-0.11604702767256427,0.2732312961117544,1,1,-0.41384450960038555,0.8458392728465289,0,0
1,1,0,1,0,-0.5544873301529852,0.16953563762184234,0.2732312961117544,1,0,0.20288444324117427,-0.5377340703322638,1,0
1,1,0,1,1,0.8419522299492973,0.16953563762184234,0.2732312961117544,1,1,-0.1330623833318161,0.23815499198860682,1,0
1,1,3,1,0,-0.5544873301529852,-0.21124124943736647,-2.5228356340985316,1,1,0.11083997138492138,-0.8435933605503636,0,1
1,1,0,1,0,0.1938373716603369,0.08624069357764041,0.2732312961117544,1,1,-0.2822859967957413,0.6355496908555764,0,0
0,0,1,0,0,-0.5544873301529852,-0.16364413855496537,0.2732312961117544,1,1,-0.28414548107566556,0.17837100102532225,1,0
1,0,0,1,0,-0.5544873301529852,-0.5682195810553747,0.2732312961117544,0,0,-0.4429764299858663,-0.04057703597425082,1,0
1,0,0,1,0,-0.5544873301529852,-0.06844991679016317,0.2732312961117544,1,1,-0.15878524920410228,-0.06246542618442863,0,0
1,1,3,0,0,0.01462249791710984,-0.9013993572321825,-2.5228356340985316,0,0,-0.3740205546053401,-0.9994977858533304,0,1
1,1,0,1,0,-0.5544873301529852,-0.4254282484081714,0.2732312961117544,1,1,1.49801524420845,-1.9869735301184843,1,0
0,1,2,0,0,0.4431649345588341,-0.5682195810553747,0.2732312961117544,1,1,-0.6039767772226453,0.8578273470951597,1,0
1,1,0,1,0,0.28378682164978103,-0.4254282484081714,0.2732312961117544,1,0,-0.03729894291571461,-0.8807017007496563,0,1
1,1,1,1,1,0.15655794181680302,0.1933341930630429,0.2732312961117544,1,1,-0.23177000719113108,0.6233592565758361,1,0
1,1,1,0,0,-0.04146765340710626,-0.3897304152463706,-2.5228356340985316,0,0,-0.44499087128911763,0.3830383660825106,0,0
1,1,3,1,0,-0.5544873301529852,-0.5444210256141742,0.2732312961117544,1,1,-0.3616239927391781,-0.29417823075697747,1,0
0,0,0,1,1,-0.5544873301529852,-0.6277159696583761,0.2732312961117544,1,1,-0.7011348308486901,1.5313919681050583,0,1
1,0,2,1,0,1.0351896415235784,0.1933341930630429,0.2732312961117544,1,1,0.4889351083028626,-0.9153067948796403,0,0
1,1,2,1,1,-0.20768602867277106,0.05054286041583959,0.2732312961117544,1,1,1.6292638429664401,-1.761413692110424,0,0
1,1,2,1,0,0.04403562605054023,1.0024850780638617,-0.6587910139583409,1,1,0.22085945794710918,0.384151987725205,1,0
1,1,2,1,0,0.08576122642587172,-0.16364413855496537,0.2732312961117544,0,0,-0.35325631347951875,0.4530964741224922,1,0
1,1,1,1,1,0.21504218496583322,-0.711010913702578,0.2732312961117544,1,1,1.8427946211110808,-2.2218921516591603,1,0
1,1,2,1,0,-0.0062403022705559055,-0.21124124943736647,0.2732312961117544,1,0,-0.38347293302828867,0.4890860284117326,0,1
0,0,0,0,0,-0.5544873301529852,0.09813997129824069,0.2732312961117544,1,1,-0.4144643376936937,1.324761251537688,0,0
1,1,3,0,0,-0.5544873301529852,-0.3897304152463706,0.2732312961117544,1,1,-0.6089354019691101,1.4521398008514135,0,0
1,1,0,1,0,0.5228539910133606,-0.21124124943736647,0.2732312961117544,1,1,-0.2776372860959305,0.06705349821261615,1,0
1,1,0,1,0,-0.5544873301529852,1.0500821889462626,0.2732312961117544,1,1,0.59012204453541,-0.2616212061384,1,0
1,1,2,1,0,-0.5544873301529852,1.192873521593466,0.2732312961117544,1,1,0.20272948621784725,0.6487759090150583,1,0
1,1,1,0,0,0.27865662488232223,-0.17554341627556563,0.2732312961117544,1,1,-0.40764622866730454,0.6823619751463196,0,0
1,0,2,1,0,-0.5544873301529852,-0.7824065800261797,0.2732312961117544,0,0,-0.5388948274252948,-0.15201210294444722,0,0
1,1,1,1,0,-0.5544873301529852,4.215290062625936,0.2732312961117544,1,0,1.752299719488098,0.3903919668109014,0,1
1,1,2,1,1,0.15792599428812537,0.16953563762184234,0.2732312961117544,1,1,-0.055583871668303565,0.014438220678791067,1,0
1,0,0,1,0,-0.5544873301529852,-0.841902968629181,0.2732312961117544,1,0,-0.7112070373649467,0.7958598863500397,0,1
1,0,0,0,0,0.3980192030051967,-0.5920181364965753,0.2732312961117544,1,1,-0.23874307324084723,-0.7323295368335727,1,0
1,1,1,0,0,-0.1676704938865925,0.47891685835744946,0.2732312961117544,1,1,-0.08688519038036263,0.5629802085344385,0,1
1,0,0,0,0,-0.5544873301529852,-0.4254282484081714,0.2732312961117544,1,1,-0.5165810160662032,0.6810791960838483,0,0
0,0,0,0,1,-0.5544873301529852,0.9429886894608602,0.2732312961117544,1,1,1.5864957045281813,-1.2463272436552582,1,0
1,1,0,1,0,0.18323496500758873,-0.3183347489227689,0.2732312961117544,0,0,-0.19690467694255046,-0.36729848341624055,0,0
0,1,1,1,0,-0.24222935357366024,-0.4849246370111728,-4.014071330210684,1,1,-0.43166456728299346,0.10266658173691597,1,0
1,1,0,0,0,0.026934970159010935,-0.46112608156997226,0.2732312961117544,1,1,-0.4222121888600449,0.11573866530589866,0,0
1,1,0,1,0,0.4226441474889989,-0.41352897068757116,-5.132498102294799,1,1,0.0708610593665489,-1.0392081966115847,0,1
1,1,1,1,1,-0.5544873301529852,-0.6039174142171756,0.2732312961117544,1,1,-0.6399268066345152,1.0273957105544722,1,0
1,0,0,1,0,0.9558425981868824,0.7526002459312559,0.2732312961117544,0,0,0.5693578034095886,-0.4991054250828637,0,0
0,0,0,1,0,0.7051469828170629,-0.3897304152463706,2.1372759162519452,1,1,-0.41787339220688824,0.2565808361358001,0,0
0,0,0,1,0,-0.5544873301529852,-0.5444210256141742,0.2732312961117544,1,1,-0.5990181524761805,0.8941080747988113,1,0
1,1,2,1,0,1.3689944445262303,0.7407009682106556,0.2732312961117544,1,1,0.5368168285109134,-0.46511000203250163,1,0
1,1,1,0,0,1.2588662205847816,-0.09224847223136372,0.2732312961117544,1,0,0.3606306929880858,-1.0483349732214218,0,0
1,1,0,0,0,-0.04728187641022622,-0.2588383603197676,-0.6587910139583409,1,1,-0.2677200366030009,-0.053713341154938817,1,0
1,1,2,1,0,0.9558425981868824,1.157175688431665,0.2732312961117544,1,1,0.13966197772374805,0.7795118083593285,0,0
1,1,0,1,0,1.7257141264235314,3.9773045082139302,0.2732312961117544,1,1,3.172790752326937,-0.7381829403718424,0,1
1,0,0,1,0,-0.5544873301529852,-0.5920181364965753,0.2732312961117544,1,0,-0.533316374585522,0.3352161772046121,0,1
1,1,0,1,1,0.47599819387057035,0.50271541379865,0.2732312961117544,1,1,-0.23750341705423103,1.1902003119111069,0,1
0,0,1,1,0,-0.5544873301529852,-1.2583776888501907,0.2732312961117544,1,1,0.9665126541967539,-2.3977573499355676,0,1
1,0,0,0,0,-0.11431644750502108,-0.5444210256141742,0.2732312961117544,1,0,-0.33156233021373527,-0.39148635805221454,0,0
1,1,1,1,0,0.13090695797950908,1.2404706324758672,0.2732312961117544,1,1,0.16182083205951264,0.816773773043696,1,0
1,1,2,1,0,0.14150936463225725,0.026744304974639036,0.2732312961117544,1,1,-0.2644659391131334,0.45439010739134356,0,1
1,1,0,1,0,1.725372113305701,-0.9013993572321825,-2.5228356340985316,1,0,0.27447458801825986,-1.8297127272170517,1,0
1,0,0,1,0,0.6993327598139429,1.966326573432484,0.2732312961117544,1,0,0.38062014899727203,1.0259300185613065,0,0
1,1,3,1,0,0.6179336377702636,0.05054286041583959,0.2732312961117544,1,1,-0.020253670349741848,-0.24353101940495334,0,0
0,1,2,1,0,0.003678078146531088,-0.3897304152463706,2.1372759162519452,1,1,-0.5209198127193599,0.8014011645827069,1,0
1,1,0,0,0,0.061136281942069534,-0.2707376380403678,0.2732312961117544,0,0,-0.3332668574703325,0.15622397316540604,1,0
1,0,0,1,0,0.10046779049258692,0.4670175806368492,0.2732312961117544,1,0,-0.06612094925454128,0.47838858298546416,1,0
0,0,0,0,0,-0.5544873301529852,-0.6039174142171756,0.2732312961117544,1,0,-0.5616735098543675,0.4671676163184412,0,0
1,1,2,0,0,0.041299521107895545,-1.1988813002471892,0.2732312961117544,1,1,-0.4789264593977361,-1.4296495716174769,1,0
1,0,0,1,0,-0.5544873301529852,-1.0798885230411865,0.2732312961117544,1,1,-0.7011348308486901,-0.21572094486611038,1,0
1,1,3,1,1,-0.0674606503622308,-0.5444210256141742,0.2732312961117544,1,1,0.011822433478952345,-1.1257686604682962,0,0
1,1,2,1,1,1.8963786722209939,3.9773045082139302,0.2732312961117544,1,1,1.2534930613984043,0.9059524851358034,0,0
1,0,0,1,0,0.15929404675944772,-0.21124124943736647,0.2732312961117544,1,0,-0.039933212312274036,-0.5702786177966651,1,0
1,1,2,1,1,-0.5544873301529852,3.0253622905659086,0.2732312961117544,1,1,1.6232205190566862,-0.117199539999315,0,0
1,1,0,1,0,-0.5544873301529852,-0.4254282484081714,0.2732312961117544,1,1,-0.5035646261067331,0.6048557892672639,1,0
1,1,1,0,0,-0.06540857165524729,0.1814349153424426,0.2732312961117544,0,1,-0.04799097752527934,0.011423589710127144,1,0
1,0,1,0,0,-0.10918625073756229,-0.6158166919377758,0.2732312961117544,1,1,-0.4716434793013659,-0.030416890815802622,1,0
1,0,0,0,0,-0.5544873301529852,-0.18744269399616592,0.2732312961117544,1,1,-0.037453899939041635,-0.5415160136602287,1,0
1,1,0,1,0,1.3265848179152375,0.8358951899754578,0.2732312961117544,1,1,-0.07743281195741411,1.0605275986382374,0,0
1,1,3,1,0,-0.5544873301529852,-0.5444210256141742,0.2732312961117544,1,1,-0.4251563723032584,-0.05951200869056333,0,1
1,0,2,1,0,-0.5544873301529852,-0.4254282484081714,0.2732312961117544,0,0,-0.5325415894688867,0.7794148060385204,0,0
1,0,1,1,0,-0.5544873301529852,0.5979096355634522,0.2732312961117544,1,0,0.6547391232627794,-0.7418982256732167,1,0
0,0,0,0,1,-0.5544873301529852,-0.2469390825991673,0.2732312961117544,1,1,1.7262669395691579,-1.9534816011646312,0,1
1,0,0,0,0,0.14390345645707134,-0.23503980487856702,0.2732312961117544,1,1,-0.3769647380485536,0.40944943317074894,0,0
1,1,0,1,0,0.7814159080932835,2.1210171838002876,0.2732312961117544,1,1,0.4670861680137521,0.9652044989927893,0,1
1,0,2,1,0,-0.5544873301529852,-0.46112608156997226,0.2732312961117544,1,1,-0.5280478357924031,0.6558271313083015,1,0
1,1,0,0,0,-0.3711682989957912,-0.9489964681145835,0.2732312961117544,1,0,-0.5534607876180352,-0.547463885609298,0,0
1,1,3,1,0,-0.5544873301529852,0.1338378044600415,-2.5228356340985316,1,1,-0.09416817047673282,0.06775519335926274,0,0
0,1,1,1,0,0.4185399900750319,-0.06844991679016317,-2.5228356340985316,1,1,0.06636730569006517,-0.5853293335074472,1,0
0,0,0,1,0,-0.5544873301529852,-0.5563203033347744,0.2732312961117544,0,0,-0.7572292732930732,2.577930752786449,1,0
0,0,1,1,0,-0.5544873301529852,-0.6039174142171756,0.2732312961117544,1,1,-0.5226243399759571,0.2455563446599148,1,0
1,1,1,0,0,0.3087537792514138,-0.21124124943736647,0.2732312961117544,1,1,-0.3504670870596323,0.34448380172373116,0,1
0,1,0,0,0,-0.32773263303130673,-0.5206224701729736,0.2732312961117544,1,1,-0.5182855433228005,0.44144538252436083,1,0
1,1,0,1,0,0.11243824961665744,0.11003924901884096,0.2732312961117544,1,1,-0.35744015310934846,1.0317296028093064,0,0
1,0,0,0,0,-0.5544873301529852,-0.7824065800261797,-4.759689178266761,1,0,-0.5681817048341026,-0.006101350671660213,1,0
1,0,0,1,0,0.05532205893894957,-0.00895352818716179,0.2732312961117544,1,1,-0.4208175756501017,1.123406500398065,0,0
0,0,0,1,0,-0.5544873301529852,-0.5087231924523733,0.2732312961117544,0,0,-0.31374227253112735,-0.3766392394818757,1,0
1,1,0,1,0,0.1350111153934761,-0.4254282484081714,0.2732312961117544,1,1,-0.34457872017320534,-0.11090642797560787,0,0
1,1,2,1,1,-0.5544873301529852,-0.21124124943736647,0.2732312961117544,0,0,-0.0606974534380954,-0.5263562261740957,0,0
1,1,1,0,0,0.25779382469465645,-0.21124124943736647,0.2732312961117544,1,1,-0.3343515566336217,0.27847850817470543,0,0
1,1,1,1,0,0.5570553027964192,0.1457370821806418,0.2732312961117544,1,1,-0.06844530460444664,0.014302016144729016,0,1
1,1,0,0,0,0.24342927374577186,0.41942046975444813,0.2732312961117544,0,0,-0.3467481184997837,1.6015911274560766,0,1
1,1,0,1,0,0.9045406305122945,-0.16364413855496537,-2.5228356340985316,0,0,0.12927985716083737,-0.8138737826676827,0,0
1,1,1,1,0,-0.2015297925518205,-1.4249675769385945,0.2732312961117544,1,1,-0.08130673754058973,-2.28467044706881,1,0
0,0,0,1,0,0.0012839863217169861,-0.7348094691437785,0.2732312961117544,1,1,-0.4234518450466611,-0.4948802284293408,0,1
1,1,3,1,1,-0.5544873301529852,1.3594634096818698,0.2732312961117544,1,1,0.48258187034645456,0.20307519167141905,1,0
1,1,0,1,0,0.35834568133684874,0.1933341930630429,0.2732312961117544,1,1,-0.07262914423427633,0.09579263688375052,1,0
0,1,0,1,0,0.23419491956434604,0.43131974747504837,0.2732312961117544,1,1,-0.08347613586716808,0.4808757165977584,1,0
1,1,2,0,0,-0.4717201556379834,-0.44922680384937197,0.2732312961117544,1,1,-0.4815607287942955,0.4247478355933704,1,0
0,1,1,1,1,-0.5544873301529852,5.405217834685963,0.2732312961117544,1,1,1.930655253337504,0.7951330752456539,1,0
1,1,0,1,0,0.14800761387103836,0.7763988013724563,0.2732312961117544,1,1,0.1475647859134263,0.29588966497892366,0,0
1,0,0,0,1,-0.5544873301529852,-0.16364413855496537,0.2732312961117544,1,1,-0.1897766538695073,-0.12852383940929132,1,0
1,1,2,1,0,-0.5544873301529852,1.3356648542406693,0.2732312961117544,0,0,0.27493945908824097,0.6258258523135082,0,1
1,1,0,0,0,-0.5544873301529852,-0.3064354712021687,0.2732312961117544,1,1,-0.3963343659644317,0.34331689913627583,0,0
1,0,0,1,0,-0.5544873301529852,-0.9013993572321825,0.2732312961117544,1,1,-0.5720556304172781,-0.33042118229528933,0,1
1,1,3,1,0,0.30054546442347974,-0.2707376380403678,0.2732312961117544,0,0,-0.17428095153680478,-0.3481960542350212,0,0
0,0,0,1,0,-0.5544873301529852,-1.627255298188799,0.2732312961117544,1,0,-0.7200395876945871,-2.309418184315978,0,1
1,1,0,1,0,0.15142774504934423,-0.49682391473177306,0.2732312961117544,0,0,-0.2781021571659116,-0.4587906441901156,0,1
1,1,1,1,0,0.04403562605054023,0.47891685835744946,0.2732312961117544,1,1,-0.28786444963551416,1.3931950572876484,0,1
1,1,0,1,0,-0.05822629618080497,0.2290320262248437,0.2732312961117544,0,0,-0.07092461697767904,0.14354387656607287,0,1
1,1,2,1,0,-0.5544873301529852,1.537952575490874,0.2732312961117544,1,1,1.4939863616019473,-0.8478240949117183,0,1
1,1,2,0,0,0.0012839863217169861,0.49081613607804975,2.1372759162519452,1,0,0.11238954161819163,0.02899351238367145,1,0
1,1,3,1,0,-0.5544873301529852,0.05054286041583959,0.2732312961117544,1,0,-0.09587269773333008,-0.053015546403088774,1,0
1,1,2,1,0,-0.3968192828330851,-0.44922680384937197,-4.014071330210684,1,1,-0.5275829647224219,0.6847610668353717,0,1
1,1,0,1,0,0.2013616602526098,-0.11604702767256427,0.2732312961117544,0,0,-0.2677200366030009,0.20667927129269814,1,0
1,0,0,1,0,0.3822865995849898,-0.4254282484081714,0.2732312961117544,1,1,-0.16374387395056708,-0.6258746218741226,0,1
1,1,1,1,0,0.20888594884488268,-0.46112608156997226,0.2732312961117544,1,1,-0.4665298975315741,0.3195279630557861,0,0
1,0,0,1,0,0.4431649345588341,0.1814349153424426,0.2732312961117544,1,1,-0.1434445038947268,0.2897659614398491,0,1
1,1,2,1,0,-0.5544873301529852,0.7050031350488547,0.2732312961117544,1,1,-0.07510845660750873,0.8584736998385192,1,0
1,0,0,1,0,11.018210537880554,-0.6634138028201769,0.2732312961117544,1,0,4.439254503978713,-2.454448846496427,0,1
0,1,0,1,0,-0.5544873301529852,-1.3059747997325917,0.2732312961117544,1,1,-0.5979334533128914,-1.4374569006484725,1,0
1,1,1,1,0,-0.5544873301529852,-1.0084928567175848,0.2732312961117544,1,0,-0.7972081853114457,0.9850523477834471,0,0
1,1,1,1,0,0.10115181672824809,0.002945749533438485,0.2732312961117544,0,0,-0.35960955143592677,0.8230543437492664,0,0
1,1,1,1,0,0.4715520233387727,0.31232697026904566,-4.014071330210684,1,0,0.04002461172447091,-0.029901521864793636,0,0
1,1,0,1,0,-0.03394336481483337,-0.49682391473177306,0.2732312961117544,1,1,-0.496746517080344,0.38568356697547623,0,1
0,0,0,0,0,-0.5544873301529852,-0.9013993572321825,0.2732312961117544,1,1,-0.7530454336632435,0.9719208402063662,1,0
1,0,0,1,0,-0.5544873301529852,-0.6158166919377758,0.2732312961117544,1,1,-0.35248152836288366,-0.4698024626804768,1,0
1,1,2,1,1,-0.5544873301529852,-0.4730253592905725,0.2732312961117544,0,0,-0.6661145435767825,1.725047125717282,1,0
1,1,0,1,0,0.6138294803562965,-1.0679892453205864,-2.5228356340985316,1,1,-0.09432312750005983,-1.7412057399232963,1,0
1,1,2,1,1,-0.5544873301529852,0.7050031350488547,-1.5908133240284363,1,0,-0.15878524920410228,1.182735663104233,1,0
1,0,3,1,1,-0.5544873301529852,1.7402402967410786,0.2732312961117544,1,1,0.36140547810472096,0.8424988300899761,1,0
1,1,0,1,0,0.5741559586879486,-0.044651361348962616,-2.5228356340985316,1,1,0.0208099408319198,-0.4645497647287342,0,0
1,1,0,1,1,-0.5544873301529852,1.3594634096818698,0.2732312961117544,1,1,1.4093798268653916,-0.8905395997064174,0,1
1,0,0,0,0,-0.5544873301529852,-0.4254282484081714,0.2732312961117544,1,1,-0.49457711875376564,0.5541751260900906,0,0
1,1,2,0,1,-0.21247421232239924,0.49081613607804975,0.2732312961117544,1,0,0.05552031405717342,0.16685738874661232,0,0
1,0,0,1,0,-0.5544873301529852,-0.6872123582613775,0.2732312961117544,0,0,-0.6256707604884288,0.6418583544325054,1,0
1,1,0,1,1,-0.5544873301529852,0.40752119203384785,0.2732312961117544,1,1,0.45530943424089815,-0.667803958646626,0,0
1,1,2,1,0,-0.5544873301529852,0.5503125246810512,0.2732312961117544,1,1,-0.1928757943360478,1.0736935661183487,0,1
0,0,3,1,0,13.696173250494041,2.4303984045358944,-2.5228356340985316,1,0,5.432529023504944,-1.7884791661264394,0,1
1,1,0,0,0,0.4004132948300108,0.11003924901884096,0.2732312961117544,1,1,-0.20744175452878816,0.388864798987002,0,0
1,1,3,1,0,-0.5544873301529852,-0.21124124943736647,0.2732312961117544,1,1,-0.20480748513222874,-0.16464920836698052,0,1
1,0,0,1,0,0.916511089636365,0.31232697026904566,0.2732312961117544,1,1,0.1475647859134263,-0.26606644902874604,0,0
0,1,1,1,0,-0.5544873301529852,4.167692951743534,0.2732312961117544,1,1,0.7709568907580483,2.006484076018271,1,0
1,1,0,0,0,0.7451625176032415,-0.21124124943736647,-2.5228356340985316,1,0,-0.12779384453869727,-0.37144832675233497,0,1
1,1,1,1,0,0.30054546442347974,0.3242262479896459,0.2732312961117544,1,1,-0.17428095153680478,0.6258856323010896,1,0
1,1,2,0,0,-0.07190682089402842,0.1338378044600415,0.2732312961117544,1,1,-0.25206937724697137,0.5986228940273077,0,0
1,1,0,1,0,0.11243824961665744,-0.44922680384937197,0.2732312961117544,1,1,-0.2855400942856088,-0.3488953178154758,0,0
0,0,0,1,0,-0.5544873301529852,-0.8895000795115822,0.2732312961117544,1,1,-0.6391520215178801,0.06965140026529677,0,0
1,1,3,1,0,-0.5544873301529852,-1.2583776888501907,-2.5228356340985316,1,1,-0.4522738513854878,-1.6246938076802344,0,0
1,1,1,1,0,-0.4724041818736446,1.276168465637668,0.2732312961117544,1,1,0.19947538872797974,0.7541475336822305,0,1
1,1,2,1,0,-0.5544873301529852,0.49081613607804975,0.2732312961117544,1,1,0.08651171872257844,0.09007262303751379,0,1
0,0,0,1,1,-0.5544873301529852,-0.1517448608343651,0.2732312961117544,0,0,-0.37835935125849685,0.5912029681926535,1,0
